id,averageRating,reviewsNum,name,coords/0,coords/1
234397670737,4.2,501,Грай,55.673282,37.612475
1065617412,4.5,36090,Торгово-ярмарочный комплекс Москва,55.673816,37.781388
1016177464,4.4,3328,Крылатский,55.759242,37.40925
1128638135,4.5,18618,Мегаполис,55.695824,37.665235
149373957185,4.9,1311,Botanica,55.844278,37.637066
1113219372,4.9,217962,Европейский,55.744263,37.565527
1664687615,5,54185,Мозаика,55.710742,37.67545
1267319939,4.6,3536,Декстер,55.893082,37.501263
49672038340,4.5,168,Дубровка,55.704931,37.640926
1010479265,4.8,108897,Атриум,55.757113,37.659049
1013729832,4.9,91456,Гагаринский,55.707081,37.591437
1331623198,5,172951,ГУМ,55.754572,37.621182
72900666552,5,37489,Павелецкая Плаза,55.730937,37.639973
1001676447,4.9,126760,Европолис,55.845855,37.662093
1049720078,4.9,91559,Город,55.747836,37.706952
1052969913,4.8,27312,РИО,55.689616,37.60247
28397857759,5,164509,Метрополис,55.823216,37.497468
1125531085,4.7,11146,Капитолий,55.803301,37.619107
1073228998,4.3,13613,Московский,55.7759,37.660524
1235004933,5,33096,Ханой-Москва,55.877835,37.730735
47864381288,5,53152,Щёлковский,55.81097,37.799968
1036421425,4.4,4790,ВЭБ Центр,55.757783,37.582441
1895190251,4.8,33897,Водный,55.840265,37.491685
74657555402,5,112975,Центральный детский магазин,55.760274,37.624747
1211722324,5,67497,Калейдоскоп,55.850481,37.444372
1189573038,5,214177,Columbus,55.612228,37.606924
1068005570,4.9,40931,Капитолий,55.692065,37.527865
1518062377,5,91844,Океания,55.727877,37.475662
87433230783,4.5,45304,Ереван Плаза,55.708969,37.622179
1036827082,4.4,13271,ТЦ Севастополь,55.650948,37.596279
1101898262,4.5,24108,XL,55.863769,37.545826
1214451177,4.6,30936,Гудзон,55.664253,37.627747
1226142029,4.3,5216,Парк 11,55.808001,37.573442
99774578525,4.8,38097,РИО,55.663782,37.511308
162259177167,4.9,22550,Миля,55.685891,37.853848
1258507688,4.4,12983,Парус,55.8379,37.576659
1217233852,4.5,7328,Дружба,55.780091,37.601371
1721803077,4.7,31546,Fort,55.863187,37.601976
1111244100,4.4,6780,Алтуфьевский,55.852773,37.585613
57376845339,5,56049,Хорошо!,55.777204,37.523292
1574116136,4.9,38670,Avenue Southwest,55.663067,37.48086
1039696501,4.6,32497,Калужский,55.655876,37.541598
209781762382,4.8,4349,Место встречи Янтарь,55.809047,37.730053
1019842047,4.5,17165,Галерея Аэропорт,55.801765,37.531894
1025882484,4.8,18699,Экстрим,55.870011,37.469888
1352653158,4.6,26820,Москворечье,55.653407,37.646369
3670913550,4.9,7628,Место встречи Ангара,55.651473,37.612392
1382927229,4.8,10523,Времена Года,55.731743,37.487628
1018013300,4.6,11398,РМ,55.824311,37.634407
5887915293,4.9,9872,Место встречи Будапешт,55.897419,37.604505
1017099200,4.5,17145,Пятая Авеню,55.799804,37.482988
1290863261,4.9,34007,Mari,55.649758,37.770157
1011120006,4.4,17416,Варшавский,55.653668,37.620285
1268319033,5,63552,Весна,55.913052,37.584917
1129181602,4.9,26992,Фестиваль,55.678022,37.46733
1706535484,4.2,2881,На Беговой,55.774201,37.545828
1158641065,5,103338,Vegas,55.585051,37.723202
1047245367,4.8,4881,Никольская Плаза,55.757995,37.624389
1095559046,4.7,29945,Семёновский,55.782946,37.721264
20842527585,4.3,19783,Черёмушки,55.67011,37.552339
1151616644,4.4,34707,Савёловский Модный,55.794217,37.592608
123063144674,5,19364,Место встречи София,55.803739,37.800493
1032412382,4.9,25220,ЕвроПарк,55.766415,37.381219
1097586622,4.6,10346,Капитолий,55.687283,37.603948
1197807147,4.4,3273,Модный сезон,55.75709,37.617307
54600495034,4.7,7222,Киевский,55.743418,37.562781
1739323955,4.3,3619,Март,55.782821,37.705813
1030374391,4.7,19213,Люблю Молл,55.65871,37.741699
91284566176,4.3,8451,Тиара,55.697509,37.500292
1208913804,4.4,11477,Свиблово,55.856186,37.653418
161241477081,4.8,11661,Kvartal West,55.707654,37.456664
1423427873,4.7,17576,Калита,55.607687,37.532523
1800675062,4.7,46873,Город,55.729786,37.730896
1375833137,4.3,2338,Тимирязевский,55.819481,37.578416
1088829979,4.7,2912,Петровский Пассаж,55.762472,37.618939
209217158784,4.6,18272,Нора,55.682653,37.662307
1163971736,4.2,3492,Metromall,55.857049,37.559014
235455881116,5,132918,Саларис,55.623569,37.422243
1053891331,4.3,1283,Гименей,55.73834,37.614628
87301613832,5,13395,Небо,55.642909,37.399328
1243234156,4.1,2658,Зелёный,55.813511,37.603953
1074401254,4.7,11867,Александр Лэнд,55.885702,37.602471
1024672227,4.2,3637,Елоховский Пассаж,55.772283,37.678196
1262750173,4.5,42823,Филион,55.744056,37.508274
1381514687,4.4,16056,Зиг-Заг,55.889741,37.538414
1120099881,4.9,46232,Кунцево Плаза,55.739172,37.411276
23737284330,4.7,6730,Prime Plaza,55.656332,37.569378
201554487578,4.4,8831,Измайловский Пассаж,55.789609,37.752205
1181157077,4.6,9391,Капитолий,55.641048,37.530496
106962112972,4.5,6877,Вешняки,55.724058,37.825078
1072202069,4.3,5072,Аркадия,55.744515,37.630105
235735632668,5,61915,Vegas,55.720306,37.379831
150262037526,4.7,6989,Discovery,55.878662,37.479251
1062349409,4.3,10355,Праздник,55.826861,37.444336
111051214674,4.4,6604,Измайловский,55.79275,37.787104
27747695168,5,40014,Бутово Молл,55.52408,37.517748
83564086143,4.7,1823,Смоленский Пассаж 2,55.748232,37.58142
141380456685,4.9,20353,Новомосковский,55.593784,37.351477
1225387023,4.3,3673,Таганский пассаж,55.741354,37.658646
1824860516,4.6,6542,Торговый центр W,55.582677,37.671568
1039804468,4.2,2712,Триумфальный,55.683081,37.549279
1137694973,4.9,2760,Голден Гросс,55.754378,37.659284
1002579738,5,138991,Мега,55.654006,37.84484
1093441083,5,88511,Мега,55.602653,37.489706
1019689452,4.4,2198,Family Room,55.827944,37.489353
32893404919,5,7194,Кузьминки Молл,55.701817,37.764525
175437576931,4.9,488,Зум Зиларт,55.698825,37.638072
1214842276,4.3,7002,Метромаркет,55.805812,37.515043
38471990018,4.5,6747,Петровский,55.825639,37.516563
1054119810,4.3,19171,Планерная,55.862684,37.435005
2688724652,4.4,3715,Флотилия,55.854124,37.497067
198648627980,4.6,7176,Место встречи Киргизия,55.751662,37.819853
1038972273,4.1,1934,Метромаркет,55.731882,37.663992
1739390075,4.2,503,Торговый центр,55.812928,37.706544
85615225239,4,314,Торговый центр,55.810245,37.787758
1043327863,4.5,37409,Домодедовский,55.609742,37.719906
1807838321,4.2,550,Торговый центр,55.719179,37.778988
1102876611,4.1,1214,Компас,55.850961,37.679161
1126849301,4.3,6833,Панорама,55.671531,37.553754
1161562124,4.3,2130,Наутилус,55.759183,37.624868
1777846095,4.3,539,Gardenmir,55.780137,37.633644
1071724435,3.9,476,Торговый центр,55.716711,37.792222
1317369510,4.1,879,Алексеевский,55.808174,37.638046
1241031952,4.8,14461,Клён,55.875735,37.665401
1067823121,4.4,4484,ТК Измайлово,55.788233,37.787307
83942629196,4.3,1486,Заря,55.781743,37.705139
1000339903,4.1,3609,Старт,55.790365,37.544367
1278799042,4.8,8782,БраVo!,55.639034,37.759228
1077371640,4.4,21185,Горбушка,55.741211,37.502663
1003792929,4.3,52597,Принц Плаза,55.618608,37.506486
210426576010,5,5348,Место встречи Рассвет,55.824049,37.518152
96777486600,4.2,340,Торговый центр,55.655037,37.484894
1029057503,4.3,626,Галерея,55.759145,37.610898
1788778964,4.3,564,Новоарбатский,55.752085,37.596237
1725110455,4.1,398,Торговый центр,55.747014,37.774577
1203349621,4.3,8127,Люблино,55.673794,37.760539
1107302304,4.3,2661,Улей,55.862886,37.585449
239426221958,4.8,5683,Место встречи Высота,55.699767,37.76533
212986650150,4.7,5953,Сказка,55.634803,37.33507
80741333463,4.5,3833,Гавань,55.840957,37.485338
1277434509,4.2,1462,For you,55.68445,37.621963
1136178701,4.2,946,K24,55.728214,37.580337
1085762984,4.3,1696,Сфера,55.753223,37.575895
1755208521,4.4,209,Торговый центр,55.805641,37.413274
26124361429,4.3,3418,Серебряный дом,55.782052,37.704022
1003900071,4,1022,Дарья,55.792941,37.493577
10023080557,4.7,1319,ТЦ Потапово,55.533168,37.497893
1389291244,4.3,2087,Океан,55.678246,37.697386
1022520445,4.5,28949,Облака,55.612128,37.732698
1124930593,4.6,6752,Ключевой,55.640044,37.758149
140097893959,4.4,4060,Галеон,55.647827,37.481396
1381622328,4.4,4893,Глобал Молл,55.712183,37.656697
1749017180,4.3,17247,Щёлково,55.811072,37.830744
1228935243,4.3,1388,Фабрика,55.816736,37.735183
1032760968,4.4,1914,BoscoVesna,55.752007,37.588291
59907767391,5,113722,Мега,55.911143,37.3968
104445441759,4.4,2945,Торговый дом Савеловский,55.793909,37.593397
1353980721,4.1,2152,Мост,55.708229,37.73062
1086601275,4.1,8357,Звёздочка,55.741807,37.655708
1030209739,4.2,3464,Таганка,55.740773,37.657628
1250027852,4.1,2085,УниверСити,55.693349,37.53376
1052407198,4.2,5515,Ареал,55.897734,37.588207
1077768815,4,2001,Кожевники,55.730453,37.645494
1746870647,4.9,49735,Шоколад,55.763827,37.84473
1100483810,4.4,3376,Никольский пассаж,55.755613,37.621979
1042174987,4.3,2433,Тульский,55.710041,37.623354
1218481775,4.4,38654,Горбушкин Двор,55.742605,37.504613
1208971575,4.6,6081,Парк Хаус,55.625148,37.761031
1240511734,4.2,4283,Электроника на Пресне,55.76497,37.557882
174511597096,4.5,12974,Азовский,55.64766,37.596395
214797091828,4.3,2345,Парагон,55.795031,37.783536
3637966821,4.2,321,Добрынинский,55.729292,37.622049
1260899767,4.4,12428,Маркос-Молл,55.8883,37.588462
68957372101,4.2,2470,Зенит,55.790647,37.680111
32404842459,4.2,958,Соле Молл,55.858394,37.685846
1090177051,4.3,7489,Радужный,55.869203,37.663169
136598280940,4.7,722,Место встречи Прага,55.792658,37.577901
220287969624,5,787,Солнце Москвы,55.826113,37.628698
1013198421,4.4,13404,Мариэль,55.649096,37.744894
200181621417,5,18763,Крокус Сити Молл,55.819487,37.387541
1087960794,4.3,3002,Бухарест,55.65557,37.571581
1045250272,4.3,5014,Дарья,55.806017,37.39547
42086401455,4,1065,Вега,55.838825,37.572325
30007788202,5,46274,Июнь,55.920592,37.708486
215606109698,4.4,2048,Место встречи Орбита,55.676328,37.665344
1216082933,4.3,4808,Мираж,55.705567,37.768658
1807005079,4,255,Торговый центр,55.851825,37.646342
1010213177,4.4,10142,Час Пик,55.898589,37.629585
1705102147,4.3,5687,Перово Молл,55.745252,37.797331
1000958166,4.7,10010,Столица,55.64701,37.41169
133859605860,4.7,6779,Декоратор,55.729302,37.734575
88074950697,4.4,3696,Фили Град,55.75532,37.51005
1042081312,4.4,11999,Круг,55.569749,37.579036
1202428446,4.6,10331,Авентура,55.636895,37.598867
235998599158,4.8,2707,Место встречи Нева,55.862752,37.471208
1000833751,4.4,3486,Багратионовский,55.74348,37.498648
1102548165,4.5,8289,Fort,55.606843,37.536283
55619508463,4.2,1873,РТС Рублевский,55.754013,37.406443
1067451155,4.2,1101,Метромаркет,55.818897,37.5735
1019547178,4.6,11050,Витте Молл,55.547922,37.543171
1011107844,4.1,974,Квадро,55.725604,37.449752
1013698959,4.4,7532,Звёздочка,55.66513,37.481547
30327442469,4.3,1985,Савёловский Детский,55.795748,37.59338
1078945362,4.3,1415,Нижегородский Пассаж,55.738491,37.674247
1386552946,4.2,2010,Драйв,55.703604,37.833705
1093487471,4.2,5076,Коломенский,55.678244,37.66487
1231321915,5,90579,Vegas Сити,55.820766,37.388148
213180484923,3.1,78,Торговый центр,55.708246,37.727547
1657950735,4.5,1448,Волжский,55.700011,37.752454
1045096846,4.4,7574,Ритейл Парк,55.633488,37.623933
1182298197,4.6,19317,Спектр,55.619427,37.509276
1057696465,4.8,65928,Митинский радиорынок,55.844712,37.383325
234556565251,3.8,145,Торговый центр,55.714546,37.803832
1104789676,4,1061,Три-D,55.73541,37.70168
1046457270,4.3,2101,Чукотка,55.851182,37.646089
1334994265,4.4,6933,Мандарин,55.814565,37.772235
1261537194,4.3,7714,Аэробус,55.64022,37.621701
88186924832,5,7696,Южная галерея,55.611058,37.606775
1260147327,4,307,Московские товары,55.775247,37.485821
1004738327,4.1,317,Торговый центр,55.664087,37.482179
1177959849,4.4,5640,Галерея Атлантис,55.582932,37.595229
1066492017,4.7,13897,Глобал Сити,55.622609,37.605939
1045137134,4.3,1702,Мини-Молл,55.73921,37.484381
1689709996,4.4,5789,Мандарин,55.85504,37.355537
1117095330,4.3,2997,Ховрино,55.867025,37.494138
1047741225,4.1,343,Европа,55.778636,37.479832
1071984825,4.3,1563,Матвеевский,55.702579,37.46657
1378456387,3.9,717,Пассаж,55.793402,37.492513
1153674265,4.8,8606,XL Outlet,55.891841,37.748783
1087675658,4.3,343,Белорусский торгово-выставочный центр,55.831909,37.625562
94926387332,5,2222,ТЦ Саларьево,55.623178,37.441585
117378564554,3.9,166,Торговый центр,55.735889,37.479696
1186009338,4.1,1962,ТЦ Кунцево,55.74058,37.417393
89724602393,4,145,Торговая галерея,55.797166,37.717309
1039939322,4.3,3023,Ареал,55.643673,37.526264
79206390286,4.1,2132,Кондор,55.869617,37.666863
1276579514,4.3,1724,Сормовский,55.71083,37.812034
213784097416,4.8,6847,5 Планет,55.995695,37.537009
1001604682,4.6,6727,Столица,55.619605,37.752185
1091680631,4.4,3611,Молодежный,55.718582,37.420287
1140519390,3.9,142,Торговый центр,55.793311,37.565684
119187895024,4.4,708,Плаза,55.846937,37.357415
1266735201,4.3,753,Динамо,55.793212,37.559929
1198609266,4.4,2728,Ясенево,55.611951,37.537661
1740677279,4.3,1044,Мобильный,55.794381,37.590802
21181518311,3.7,546,Место встречи Солнцево,55.652797,37.393274
1123694020,4.4,7206,Митино,55.847736,37.36006
1139596807,4.1,3500,РТС,55.879268,37.547026
77318935351,4.3,327,Лухмановский пассаж,55.714605,37.899748
1058114895,4.3,1865,Мал,55.864989,37.604079
1106385834,4.5,17050,Ладья,55.846219,37.358447
103798867013,4.1,582,Филёвский,55.751794,37.514051
196417691093,4.3,2911,Южный,55.621879,37.611308
1162831234,4.4,5539,Прага,55.600874,37.609244
1120978374,4.2,605,Фили,55.742642,37.499616
209809476826,4.3,3073,Baby Store,55.823619,37.500261
1015826312,4.1,293,Торговый центр,55.625479,37.483449
1135124734,3.9,419,Планета,55.738515,37.661311
1013078859,4.1,2400,Кантемировский,55.637715,37.656273
25938278642,4.5,2645,Лес,55.822554,37.82336
26243389586,4.3,675,Шоколад,55.740683,37.658174
1013814700,4.3,2726,Будапешт,55.70436,37.765802
88764434583,4.1,480,Старк,55.626339,37.666494
127560708723,4,73,Торговый центр,55.803334,37.513308
89949623783,4,529,Семеновский пассаж,55.782054,37.716265
1119385644,4.2,3475,Гвоздь,55.830711,37.396746
1040313828,4.4,9464,Бутырский рынок,55.794259,37.578583
124260289598,4.9,4881,Орбион,55.699559,37.343975
1045484363,4.3,342,Ньюдэл,55.880705,37.694767
1732662883,5,24135,Дизайн завод,55.805128,37.585258
1134826985,4.2,2364,Метр квадратный,55.720945,37.697221
1086034794,4.3,4707,Марьинский пассаж,55.652255,37.742069
101419209791,4.6,1434,Пятницкий Митино,55.85722,37.350283
18069606993,3.4,16,Триумф,55.870023,37.533884
42578408182,4.6,2368,Волгоградский,55.702148,37.795706
1376931514,4.2,279,Любимый,55.691482,37.486828
218974071549,4.3,2387,Наш,55.890269,37.588024
1072432761,5,78794,Красный кит,55.916692,37.758816
153272678561,4.4,858,Савёловский Спортивный,55.796844,37.593874
1676007552,4.2,1544,Дирижабль,55.665958,37.549025
1080599766,4.4,6594,Северное Сияние,55.574945,37.580232
176299533868,4.2,504,Авиатор,55.827318,37.444858
1122858032,4.3,2146,Западный,55.755482,37.402729
1028705527,4,1243,Владыкино,55.848607,37.590768
1124945076,3.8,420,Радуга,55.738487,37.666676
1040250993,3.9,548,Престиж-М,55.790304,37.679812
1179049803,4.2,1813,Миг,55.739984,37.861062
204225475823,4.9,26720,Выходной,55.685291,37.877769
1056396222,4.3,1896,Петровский,55.717444,37.413876
3526886323,4.2,7391,Парус,55.88504,37.407274
1089915390,4.4,2523,Ленинский 101,55.666654,37.515521
1082364508,4.1,962,Гран плюс,55.894005,37.617286
1119831968,4.2,1988,Арколь,55.767464,37.72925
1084221101,4.2,511,Любимый,55.70096,37.503485
1323776061,4.4,3084,МЦ,55.640223,37.532962
114847291998,4.6,5638,"Садовод, корпус А",55.652786,37.829148
61948663473,4.2,1763,Салют,55.653493,37.822316
1138173409,4.2,2914,Люблинский пассаж,55.67705,37.764863
1256010306,4.4,11156,Перловский,55.891917,37.727273
1322757089,4.2,4475,Конфетти,55.678863,37.642708
68577522226,4.1,511,Лайм,55.810144,37.779091
145519145649,4.1,327,Депо Молл,55.819272,37.577616
1004193730,4.1,449,Пятницкий,55.74336,37.629504
78698673899,4.3,845,Павелецкий,55.712691,37.645615
1059231340,4.1,1075,Премьер,55.674495,37.504609
240187602905,4.9,11664,СпортХит,55.70587,37.404316
1041332612,4,836,Русское раздолье,55.79012,37.678497
71052159978,4.4,2160,Место встречи Бирюсинка,55.579639,37.649006
1180178189,4.3,3734,У Речного,55.855611,37.47699
1165426191,4.3,1706,Ваш Дом,55.748977,37.771719
1171123124,4.2,1104,Затонка,55.679243,37.687662
1072313657,4.5,4077,МовТрейд,55.646571,37.715592
185007908535,4.6,125,Зёрнышко,55.666029,37.786155
221428516897,4.3,1010,Бусиново,55.881743,37.488798
126548460372,4.3,2812,Дропин,55.636167,37.521033
1197890979,4.8,8468,СпортЕХ,55.738147,37.717558
1687701936,4.3,837,Бенефис,55.806663,37.406247
1007160335,3.9,1550,Щелчок,55.810592,37.797752
1073627438,4.3,1221,Торговый дом,55.823255,37.756794
1165609214,4.1,1523,Камп,55.870456,37.663167
160302360088,4.7,15263,ЦДиИ Экспострой,55.671693,37.584205
1130762674,5,81930,Outlet Village Белая Дача,55.660941,37.879708
95629958321,4.9,6384,Столица,55.604597,37.356891
104421477126,4.7,5182,Солнцево парк,55.625807,37.306362
33845655648,4.2,2623,Корабль,55.71014,37.620446
239047090802,4.4,3648,Пролетарский,55.630712,37.658526
121451897973,5,16921,Отрада,55.875479,37.332171
142756307895,4.3,1238,Лианозово,55.897421,37.554089
1031523523,4.1,1944,Крона,55.840872,37.48725
1018844297,4,452,Европа,55.739801,37.665867
100493331493,4.4,759,Китайский павильон,55.835874,37.625923
82424611421,4.1,145,Аструм,55.718396,37.676714
11535489203,5,9132,Мега,55.657746,37.843373
1041564044,4.3,3621,Тук-Тук,55.705347,37.479101
1040025854,4.3,899,Вавилон-92,55.86969,37.63722
1106016536,3.8,777,РТС,55.755556,37.68134
236776270056,4.7,196,Neva Towers,55.751611,37.534528
1171311677,4.9,35524,Реутов Парк,55.75219,37.887664
90093452064,4.3,1551,Невский Причал,55.835671,37.490487
1290437170,4.2,1379,Лучик,55.857413,37.58322
1803825703,3.4,373,Торговый центр,55.594336,37.605705
1726465711,3.9,636,Ноев ковчег,55.833833,37.523299
1236202953,4,1093,Вектор,55.809278,37.79836
1305086043,4.1,839,Нахимовский,55.668587,37.591666
33920496024,4.2,522,Торговый центр,55.635936,37.67278
37829998644,4.8,571,ТЦ Рублево,55.787841,37.355608
242766278588,4.3,1120,Шоколад,55.644335,37.520738
151969294997,4.4,3651,Автомобили,55.705611,37.689474
99432903874,4.4,633,Торговый центр,55.71216,37.895324
231461827596,4.2,1175,Фили,55.763915,37.487384
1216153061,4.9,29043,Fashion House,55.980198,37.303797
1039999460,4.4,366,Перерва,55.654157,37.716405
231769520257,4.1,734,Волна,55.745263,37.879902
1044938154,4,380,Галла,55.787112,37.674826
148505923100,4.3,548,Михалковский,55.837393,37.537376
1114544087,4.3,1513,Торговый центр Шолохов,55.636803,37.354485
1059501464,4.1,655,Торговый центр на Озёрной,55.672979,37.451162
104059948900,4.2,382,Енисей,55.860015,37.659212
1148057153,4.6,9736,Конфитюр,55.931236,37.494493
68284085683,4.4,483,Baby&Kid,55.78428,37.715052
1026931892,4.3,1456,Отрадное,55.865297,37.604404
103626152772,4.2,1110,Конкорд Маркет,55.723487,37.61032
66921577285,4.5,31,Волна,55.560328,37.80586
235447864873,4.4,2647,Радиокомплекс Южный,55.620366,37.608866
173625065492,3.2,193,На Ивантеевской,55.814084,37.733531
1094739637,4.3,1029,Дудинка,55.861976,37.687674
1265823363,4.3,2944,Армадахоум,55.614324,37.606623
171510470160,4.4,370,Торговый центр Тихорецкий бульвар,55.679106,37.776346
1000345899,4.2,1064,Автозаводский,55.708517,37.656653
1099635963,4.1,1030,Персей,55.842574,37.484174
1382686474,4.6,12244,Экватор,55.751789,37.859451
1061416589,4.5,12205,Гранд Юг,55.609534,37.604999
1764780947,3.9,586,Ярославчик,55.878994,37.720333
1733662553,4.2,665,Лось,55.880402,37.708809
235594594549,4.3,349,Аннино,55.588473,37.600671
1398910467,4.9,6841,Гипермаркет Говорово,55.658851,37.430204
1088314095,4,221,Новый,55.777602,37.516904
1699067750,3.7,297,Торговый центр,55.582045,37.661456
185328894702,3.7,251,Октябрьский,55.792685,37.494048
1091716672,4.4,14785,Вэйпарк,55.85932,37.39542
36544352677,4.7,206,Капитолий,55.621409,37.713962
120659265081,4.3,631,ТЦ Московский,55.606701,37.351694
171692015849,5,5224,Грант,55.674565,37.861224
1770438258,4.6,10532,4Daily,55.921266,37.719224
85094954815,4.4,1180,Бута Парк,55.669979,37.763591
1217781055,4.2,3138,Твин Плаза,55.617797,37.505757
196935405338,4.9,5676,Город,55.93621,37.492916
49724037255,4.3,258,Торговый центр,55.642766,37.540493
106103842093,4.3,13,Ассортида,55.645812,37.720645
1256925303,3.9,874,Олимп,55.751349,37.81625
89204366627,4.1,143,Москва,55.596297,37.468085
45719825865,4.1,269,Звезда,55.883977,37.666835
1022649138,4.2,1715,Арфа,55.894472,37.588206
1274659372,4.4,2919,Восточный ветер,55.809197,37.841212
1105267235,4.1,400,ТЦ Чертановская 30,55.620235,37.588895
1104252867,4.7,6362,Гренада,55.669921,37.871289
170974433604,4.7,413,Галерея Новые Вешки,55.925574,37.601784
230817013547,4.1,512,Лабиринт,55.636224,37.511264
1068450205,4.1,335,Меркурий,55.751924,37.812842
218073564346,4.4,70,Тбилиси,55.67174,37.569916
230831317836,4,11,Level Причальный,55.759981,37.517415
1114351505,4.1,589,Место встречи Саяны,55.768364,37.832779
1091159741,4.1,376,Московские товары,55.78509,37.718703
1701841705,4.1,777,Нагатинский,55.682195,37.651776
52386322450,4.5,257,Центральный,55.933636,37.493295
65780993579,4,2412,Гвоздь-2,55.675929,37.662225
112727639494,4.2,141,Фиеста,55.933384,37.556504
1236185405,4.2,618,Лефортовский стройцентр,55.747822,37.71645
204266565972,4.3,940,Моя Ветка,55.735864,37.830034
42200571518,4.2,216,Торговый центр,55.545451,37.55623
189887696609,4.8,2396,Каштановая роща,56.055794,37.531309
113240606797,4,109,Ochakovskiy Mall,55.669249,37.447799
148861376734,4.2,703,Сфера,55.816524,37.460272
1368708577,3.7,221,Ангар,55.71954,37.628103
1013946668,4.1,972,Обувь-Сити,55.678023,37.507428
80237883662,4.2,232,Утёсов,55.7685,37.494274
4970871984,4,62,Галерея,55.635071,37.332134
219061721660,4.4,251,Пруды,55.635011,37.73642
1011725681,4,840,Торговый центр Зелёный проспект,55.752073,37.816296
1141393821,4.6,19516,Июнь,55.819322,37.346513
68092894139,5,2103,Мебель Парк,55.633916,37.441017
1693826814,3.9,104,Торговый центр,55.511322,37.573957
96520285777,4.3,758,Марка,55.879032,37.579491
1185871361,3.9,200,Северный,55.869604,37.507759
52973236856,4.2,466,Виктория,55.880605,37.712929
56679230527,4.5,518,Ясный,55.599025,37.726046
4871817042,4.1,284,Мост,55.708212,37.730657
1677641459,3.9,123,Аркада,55.784225,37.721651
1002809896,4.1,766,Большая Медведица,55.893757,37.662582
1753751496,4.6,7763,Поворот,56.008411,37.440064
29469772692,4.4,248,Passage,55.762453,37.619839
146446870223,4.1,57,Мультисервис,55.735629,37.5216
179479731280,4.4,139,Марсаков,55.806499,37.584998
1815036129,4.5,1047,Набережный,55.95815,37.445743
1771564413,4.4,3918,Квадрат,55.570031,37.580728
1254441052,4.2,624,Бульвар,55.757779,37.40905
237418175195,4.4,835,Мульти,55.879237,37.556759
176088575942,4.1,508,Кувшинка,55.671313,37.449684
1063711415,4.5,1907,Братеевский,55.637862,37.757582
103177112779,4.3,333,Смолл,55.622218,37.750864
73342208451,4,353,Бусинка,55.882935,37.495871
44015226829,4.3,116,Торговая галерея,55.71081,37.610603
197167007605,4.5,881,Коммунарка,55.567881,37.47776
1056280245,4.7,14214,Лига,55.888643,37.433753
200903081767,4.1,131,Торговый центр,55.658535,37.757416
69745309368,4.5,6970,Люблинское поле,55.678701,37.779719
197034420807,4.3,1030,Крылья,55.809686,37.460191
127304392383,4.3,193,Арус,55.536193,37.515375
1097912505,4.5,7225,Вертикаль,55.793713,37.938929
225334304034,3.8,106,Смолл,55.65408,37.647558
1050340949,4.3,1887,Ховринский Хозяин,55.861164,37.503033
89610173306,4.1,243,Купчино,55.826956,37.450268
1069677335,4.3,2238,Каспий,55.638957,37.604412
1117005556,4.1,529,Давыдково,55.735604,37.467863
22698850099,4,12,Новогиреевский,55.759417,37.795205
1159629229,4.3,2383,Курс,55.747295,37.862245
1100017757,3.6,263,Экватор,55.659662,37.747689
52617025701,4.9,290,ТЦ Горки,55.530235,37.8124
5403521082,4.2,71,Мебель,55.782472,37.702614
1171443771,4.3,255,Торговый центр,55.888186,37.438473
234647345287,4.1,76,Место встречи Первомайский,55.793605,37.805919
158500770941,3.2,88,Торговые ряды,55.784566,37.717752
176915481731,4.3,210,Спутник,55.807228,37.394529
1261615993,4.2,1949,Интер-север,55.854024,37.475937
1020577046,4.4,3470,Новые Химки,55.899182,37.409071
1030115756,4.1,807,Свод,55.640136,37.606522
225494312669,2.5,11,Комета,55.854219,37.620597
232985630483,4.4,518,Торговый центр,55.892686,37.599147
144656510161,4.6,238,Ривер-парк,55.940614,37.866734
32644378553,3.2,5,ТК Север,55.740168,37.573791
37319957594,3.6,127,Forum City,55.67751,37.509326
51776861526,4.5,433,Лухмановский,55.722181,37.905688
1710219530,4,521,Астория,55.69241,37.727586
113857972166,5,15897,Акварель,56.000561,37.88148
217019528504,3.3,7,Сбер Первый,55.738252,37.613449
25273717096,4.8,3724,Аструм,55.535705,37.640779
1119939719,4,587,Северная Европа,55.799581,37.407239
19671378901,4.3,508,Корабль,55.89004,37.388365
14670907869,3.9,3,Ассортида,55.851639,37.511615
191314483596,3.8,28,ТЦ Вегас,55.943739,37.345435
1747413594,3.9,443,Коломенский пассаж,55.680395,37.66313
18246927656,4,485,Ореховский,55.62239,37.701721
1386758773,4.2,296,А58,55.650226,37.469348
1002275095,4.3,1822,Дегунино,55.864829,37.572568
1521897701,3.9,497,Альтаир-1,55.714075,37.819614
144162099895,4,145,Хард-Вуд 99,55.811627,37.729327
199753143580,3.9,129,Август,55.870877,37.676603
179434209093,4.2,315,Премьера,55.662973,37.485663
178303290046,4.2,403,Море,55.677017,37.800274
1008389200,4.3,126,Ангара,55.675059,37.470618
148085205173,4.8,1206,Лайт Молл,55.962377,37.666138
22294550385,3.9,231,Торговый центр,55.599072,37.350201
1059692350,3.2,92,Торговые ряды Люблино,55.672964,37.738943
1264946451,4,622,Маяк,55.608475,37.579862
1277007781,4.3,1566,Каренфор,55.613445,37.606353
1126795691,4,724,Волна,55.821522,37.826535
1770641981,4.2,820,Мелитопольский,55.539347,37.576326
212469043663,4,239,На Воронежской,55.610322,37.746492
1233619731,4.4,6492,Карат,55.753386,37.858004
103670552412,4.7,10148,Family Room,55.630038,37.423915
1031939294,4.4,1080,Mobel Expo,55.672504,37.582532
110728833088,4.1,147,Константа,55.683995,37.723113
1708002086,3.9,191,Покров Мост,55.781828,37.707076
1404408958,4.3,1255,Суздальский,55.73802,37.846648
1113978633,4.3,692,Лосинка,55.863167,37.682472
13059669770,4.4,386,Ферганский,55.695763,37.820654
1067977848,4.9,25933,Светофор,55.692051,37.896524
206097060587,4.1,754,Ковчег,55.736374,37.467334
1101627183,4.1,1150,Приалит,55.742536,37.86733
207513470303,4,123,Петровский,55.897685,37.613586
1089543132,4.3,815,Кристалл,55.733954,37.667341
23050934480,3.7,766,Пролетарский 24,55.632574,37.658703
166055129922,4.1,14,Октябрь,55.79768,37.938736
1099223332,4.2,989,Радонеж,55.823597,37.807573
230791330732,3.7,88,Товары для всей семьи,55.689838,37.579256
98215497654,4.3,6,Artplay,55.752598,37.669926
139022341603,4.4,304,РигаStar,55.80444,37.299766
56012408172,4.1,252,Твой,55.84632,37.373384
1301139554,3.9,50,Милор,55.699788,37.739564
1131847368,4.3,854,Мегаполис,55.848975,37.354126
1141233392,4.2,1130,Тропарёво,55.630636,37.482179
149182795703,4.4,119,Аннино,55.583914,37.599338
244747820772,4.3,1670,Меха и кожа,55.656175,37.834222
1698604254,4.4,9938,Гелиос,55.914414,37.866648
1016099156,4,420,Гран Плюс,55.883101,37.605532
166101282608,3.9,129,Торговые ряды,55.730846,37.674242
1554433878,4.8,13180,Гранд,55.886529,37.436792
1794987356,3.8,271,Бриз,55.703623,37.685629
228388265848,4,411,МиМиМи,55.809227,37.781025
190968364535,4,84,Торговый центр,55.61984,37.718261
58083730471,3.9,360,Мусоргский,55.862352,37.619988
1224526346,4.8,2362,ЭлитСтрой Материалы,55.683871,37.41285
1256536973,4.2,339,XL-Эконом,55.895841,37.55667
80155570611,4.8,3466,Новоизмайловский,55.790851,37.886381
177099730702,4.4,385,Терлецкий,55.764667,37.824809
21861046572,3.9,37,Торговый центр,55.832864,37.932201
1764057309,4.3,1320,Славянский Стан,55.609253,37.487523
161524114186,4,6,Ассортида,55.709885,37.744191
1091564613,4.2,349,Интерьер,55.657733,37.759906
1155230444,4.7,3174,Формат,55.929734,37.751011
1367540435,4.3,2543,Цитрус,55.894113,37.449878
1123278100,4.2,80,Торговый Дом Беловежский,55.714401,37.397221
112582527670,4.4,236,Торговый центр,55.677066,37.881021
103204585186,4.1,84,Московские товары,55.672757,37.579913
1262257562,4.4,574,МПлаза,55.709006,37.361714
1087289978,4.2,748,Ивановский,55.769631,37.832799
117953605872,4.5,1694,Мирус авто,55.72632,37.381
62285082397,4.5,1033,Бутово парк,55.54589,37.586841
1145195033,4.9,8971,Весна,55.582222,37.912361
56964773995,4.4,4184,Колибри,55.676468,37.858463
1325715742,4.2,211,Авалон,55.733497,37.861731
1693930967,4.5,1069,Dekor&Mobel Expo,55.671671,37.583329
117858943297,4.3,474,Нововатутинский,55.514346,37.351995
1044368594,4,381,Белореченский,55.66105,37.776015
139446245651,4.7,256,Галерея Ремонта,55.659618,37.428655
212756672648,4.3,524,Этажи,55.608604,37.537399
1711570229,4.8,9113,Формула X,55.576796,37.696566
156595568139,3.9,247,Раменки Пять,55.693,37.494738
1047251915,4.3,1101,Московский,55.599913,37.354692
90171566334,4.6,756,Трехгорка,55.697189,37.336816
188423352311,4.3,626,Южный полюс,55.586363,37.648256
129784207286,4.3,983,Дом мебели,55.879443,37.634575
60983209997,4.3,163,Славянский,55.72733,37.472626
1351612162,4.7,5963,Атлас,55.690895,37.303671
74939045205,4.2,15,Отрада,55.892541,37.626301
103939601034,4.3,32,Радиус,55.917716,37.842341
96195273992,4.2,282,Даниэль,55.903671,37.384776
244712949309,5,51132,Vnukovo Outlet Village,55.610241,37.334361
1696289627,4.6,1342,ТЦ Норд,55.966582,37.532062
218975081637,4.7,388,Торгово-выставочный комплекс Заречье,55.678001,37.408317
1353594355,4.8,9455,М5,55.668538,37.865587
151645431594,4,171,Подземная галерея,55.761858,37.623288
1931527338,4.7,14683,Красный Кит,55.819531,37.320598
194479580083,4.3,63,Северодвинская 21,55.892949,37.680004
1025248550,4.3,1510,Ампуриа,55.53684,37.529392
110059339673,3.9,267,ТД Висти,55.88583,37.556687
1256690803,4.1,161,Евразия,55.72556,37.449792
151484016042,4.1,831,Шолоховский,55.643057,37.343285
141941374405,4.7,4862,Победа,56.011731,37.847731
191398108353,4.1,183,Иринка,55.893485,37.558254
89840437148,4.3,298,Торговый центр,55.957167,37.86255
1129072966,4.5,1122,Пикник,55.708467,37.359038
112106173291,3.9,85,Сафа,55.779239,37.600341
66297697856,3.9,135,ТЦ,55.771628,37.865295
233478126926,4.3,203,У Речного,55.856268,37.478673
214052643171,4.1,271,Флагман,55.568121,37.568954
158827127966,4.1,421,Нежино,55.709627,37.470704
119197083554,3.9,75,На Фрязевской,55.744988,37.817283
1042570034,4.3,1476,Пражский Град,55.611939,37.603282
1245908776,4.3,2011,Фрегат,55.920022,37.762608
131985652241,5,1482,Глобус,55.55707,37.494403
198400466234,4.3,1072,Бирюлевский,55.586652,37.666596
108368362035,4.3,427,Александрия,55.570571,37.47661
133731006878,4.3,66,ТЦ Лихачёвский,55.921728,37.514054
222847466975,4.8,4203,Центр дизайна Румянцево,55.633926,37.440064
166377467691,4.5,149,Колодезный,55.798226,37.697488
56119932270,4.7,149,ТЦ Коробка Парк,55.877439,37.328362
174763411025,4.6,2676,Тетрис Молл,55.816399,37.341568
1685999674,3.8,74,Альфа,55.652692,37.613516
157284218033,4.3,351,Лучи,55.547144,37.548382
70447453799,4.7,576,Торговый центр Горки,55.510024,37.783654
1291595335,3.9,515,Визит,55.715604,37.881569
41906463399,4.1,38,Лофт,55.639608,37.607114
1108757128,4,306,Кони-Айленд,55.632516,37.519656
19688357516,3.9,4,На Шитова,55.806324,37.729345
245141006725,4.5,25,Отрада,55.87411,37.333635
1621221159,4.5,886,Янтарный,55.822497,37.875322
1150926251,4,913,Персей для детей,55.571545,37.564681
145211566889,5,197,Торговый центр,55.660023,37.878582
182125832729,4.6,699,Дирижабль,55.926368,37.522288
179089341482,4.3,148,Навитек,55.54848,37.324566
1059845619,3.6,129,Фэвори,55.724134,37.689052
191013329249,4.6,803,Николин парк,55.589081,37.454259
245355830177,4.2,24,Торговый центр Мисайлово,55.561229,37.829843
78573361211,4.5,363,Уютный дом,55.571881,37.451854
1229213826,4.3,471,Московский,55.825844,37.960533
1005349035,4,349,Досуг,55.672994,37.748015
96779549613,4.7,3447,Торговый центр Ларец,55.54234,37.709346
9099269166,4.3,156,114 Яр,55.866391,37.707253
50803862414,4.3,53,Олимп,55.520694,37.598559
51866116696,3.8,299,Альянс,55.640717,37.603487
1130166934,4.7,7479,Солнечный Рай,55.82955,37.308265
1702721420,4.4,1143,Радуга,55.591522,37.366107
186843359838,4.8,216,Гусь,55.614615,37.472605
1328811666,4.4,1576,Идея,55.784614,37.87737
79200751181,3.6,195,Якорь,55.894538,37.613081
135308393306,4.2,550,Лосиноостровский,55.863591,37.682771
1317199801,4.1,736,Каширский,55.597316,37.723347
207386972706,4.4,2110,Альта,55.916408,37.772484
89336340060,4.3,54,Скандинавия,55.564104,37.499975
62052554087,4.5,4076,Можайский двор,55.71218,37.372983
97914125654,4.1,116,Кэмз,55.769508,37.516595
57478652003,4.1,328,Саянский,55.769097,37.832753
1249385442,3.6,129,Галерея 1,55.568837,37.585966
77012648308,1.3,360,Кубик,55.768814,37.832524
1003502633,4.3,5937,Галион,55.796048,37.963522
1106030227,4.5,3651,XL Home,55.89181,37.745222
227195336555,4.7,534,Яуза,55.906393,37.738377
234850574527,4.2,119,Торговый центр Кинезис,55.910223,37.780576
134552439709,4.5,1207,Мытищи,55.899412,37.721036
5935848956,4.1,52,ТераБит,55.81475,37.362711
150142862939,4,4,Перерва 32,55.652982,37.733969
1717821620,4.1,914,Максим,55.509047,37.561419
57741991725,4.2,531,Ладный,55.68868,37.862642
118431355960,4.3,105,Торговый центр,55.71266,37.376526
244372168562,4.3,506,Братиславский рынок,55.657942,37.751647
155185174011,4.1,151,Водный Пассаж,55.84031,37.486007
1086423900,4.6,13349,Светофор,55.794274,37.926578
205575167529,4,138,Гирей,55.752505,37.821053
53102728015,4.2,134,Смолл Борисовский,55.613373,37.729662
66234077554,4,5,Торговый центр,55.602274,37.482596
48868654852,4.3,291,Торговый центр,55.827614,37.368996
1208702167,4.4,1272,Торгсин-Маркет,55.602911,37.542512
179082141298,4.8,4471,Галерея 9-18,55.545156,37.699153
17347620791,4,35,Фиделити,55.681406,37.448933
31748761911,4.3,709,Эталон,55.556966,37.554353
1288100810,4.1,536,Егоза,55.564304,37.571107
15767335948,4,483,Панорама,55.735264,37.830028
154820535900,4.4,4663,Карамель,55.819125,37.33843
1497408338,4.3,1047,Сити,55.914499,37.805131
191628991600,4.3,1352,Полёт,55.946017,37.505881
167345139405,3.1,6,Торговый центр,55.810984,37.796918
1031467571,4.1,255,Марьинский,55.650863,37.742606
1233918317,3.9,313,Лабиринт,55.611229,37.699013
17054764184,4.2,94,Ярмарка 10000 товаров,55.823908,37.63425
72541222723,4.3,399,Перец,55.583198,37.743283
1006808253,4,93,Торговый дом,55.745551,37.859015
85891906146,4.3,120,Моя лавка,55.683235,37.852668
120640729257,4.3,1155,Скобелевский,55.546511,37.555418
10934349667,4.4,100,Корниловский,55.603477,37.480141
60911973433,4.8,1616,ТЦ Трехэтажка,55.97352,37.903477
1675671455,4,418,Россошанка,55.593192,37.611699
193456571601,4.6,1074,Магаз,55.913975,37.414748
43775684638,4.7,242,Торговый центр,55.763023,37.844547
1771884547,4,467,На Покрышкина,55.66508,37.47173
67623579609,4.5,871,София,55.916857,37.842943
1195028001,3.8,213,Спас,55.83902,37.378773
25833207567,4.3,362,Подсолнух,55.53516,37.447509
11599997010,5,363,Vnukovo Premium Outlet,55.610658,37.337791
240271211123,4.3,260,Апельсин,55.904924,37.717134
1071477206,4.1,533,Клиффстор,55.567555,37.57368
12768133278,4.1,228,Грин,55.56709,37.566799
190547635242,3.2,12,Торговый центр,55.902508,37.407751
1458672083,4.4,1627,Парк Авеню,55.820238,37.312452
1098046133,4,917,Персей для детей,55.592767,37.612935
232908891150,4,180,М36,55.846128,37.363021
206147579946,4.4,214,Март,55.928241,37.721935
1699554422,4.2,1255,Фермер,55.587852,37.663722
1756568453,4.2,878,Калач,55.595899,37.592081
48364827038,4.6,1191,Катюшки,56.008602,37.449014
204571436350,3.5,206,Торговый центр,55.92252,37.832513
123637235445,4.7,160,ТЦ Автозапчасти,55.910035,37.778852
141365250040,4.1,137,Торговый дом Сетунь,55.722235,37.388724
53862328006,4.4,1517,Торговый центр,55.566784,37.690563
1105750360,4,185,Алькор-ЮЗ,55.752432,37.820529
44262511132,4.3,473,Маяк,55.757539,37.851792
217289168220,3.4,59,Юлиян,55.702199,37.848866
137391492602,4.4,527,Молодёжный,55.815518,37.355127
221761521105,4,86,New Moscow,55.572633,37.473575
1750975140,3.9,264,Калач,55.707812,37.404866
1086172662,4.4,6836,Курс,55.551645,37.702476
46117005375,4.5,310,Гараж 57,55.549594,37.54416
12749680496,4.4,197,Декстер,55.893177,37.501161
207553093748,4.6,1201,Комфорт,55.697911,37.898553
96733282178,4.5,1044,Подземка,55.901259,37.407102
97493274319,4.1,518,Шипиловский,55.621696,37.726121
193853859916,4.3,138,Черта,55.629045,37.599906
1720542211,4.2,283,Торговый центр,55.94832,37.494703
1400074805,4.5,1206,Вестор,55.684514,37.296281
79437039828,4.3,751,Поляна,55.893954,37.451246
1256986454,3.8,149,Криста,55.850198,37.426484
170639609091,4.2,110,Ладный,55.827463,37.443704
2952002578,5,2648,Крокус Экспо,55.822528,37.385788
160980588489,4.5,128,Боброво,55.540153,37.611355
1029738633,4.4,518,Развилка,55.595339,37.739232
224613142290,3.8,165,Торговый центр,56.012519,37.482875
68135573177,4.5,18,Юбилейный,55.673597,37.862944
45377872296,4.3,69,Дмитровский,55.960304,37.534059
113752541031,4.6,607,Торговый центр № 1,55.917266,37.867176
1738659781,4.3,1599,Круиз,55.996996,37.862327
82351309123,4.1,210,ТЦ Сакура,56.075381,37.550132
1087687280,4.1,559,ТЦ Сатурн,55.917883,37.868995
193539278557,4.4,108,Торговый комплекс,55.620206,37.784065
1042544712,4,274,Пчёлка,55.851668,37.346651
1775776713,4.3,453,Мечта,55.907386,37.453785
1019795149,4.8,12375,Гагарин,55.975238,37.906626
148456648017,4.9,750,Автокластер 19/21,55.699026,37.805987
1742045642,4.3,315,Каскад,55.705437,37.893209
185985616619,4.3,547,Томилино,55.654771,37.951598
1758202620,4.1,218,Станция,55.542396,37.572434
149147922328,4.3,393,Черкизово,55.970031,37.79275
232513828852,4.4,865,Мельница,56.005466,37.435677
1087757728,4.2,1328,Торус,55.914264,37.763397
160280223677,4.1,414,Универсам,55.893422,37.610589
1069141780,4.2,398,Сходня,55.950598,37.297295
64948725375,4,568,Котельники,55.673305,37.861234
45043963691,4.3,923,Торговый комплекс Звёздный,55.90638,37.86786
1094539325,4.4,1909,Курс,55.686609,37.305773
231089620132,4.2,1105,Мармел,55.545544,37.590239
3312425161,4.4,264,Удача,55.970544,37.743789
1102012847,4.3,2326,Красногорский,55.834639,37.297572
220942304910,4.7,1208,Ёлка,55.831361,37.302473
1144700151,4.3,893,Идея,55.938192,37.314006
1197696003,4.3,1022,Планета,55.661298,37.950118
5097924825,4.1,159,Фермерский рынок,55.827439,37.444907
67513993787,4.8,1328,Пятачок,55.6914,37.860687
199204268085,4.2,4,Кузьминки,55.704542,37.765322
38488667692,4.2,64,Outlet Aparinki,55.573364,37.755797
1206048741,4.5,4244,Вертикаль,55.933597,37.843521
1120686416,4.3,891,Актюбинск-525,55.578864,37.903106
42709731489,4.3,710,Луч,55.629289,37.865522
155350212215,3.6,9,Аргумент,55.712102,37.669461
78667711940,4,54,Альмирал,55.661752,37.481453
1103241031,4.3,147,Мегаполис Плюс,55.878935,37.420835
125624589608,4.6,310,Box city,55.82226,37.384987
174293332829,4.3,269,Торговый центр,55.839249,37.304098
15465060186,4.1,98,Торговый дом Забытые традиции,55.799885,37.530938
1049524069,4.7,2177,Торговый дом Томилино,55.658197,37.92306
1316675219,4.1,125,Шком-Бирюлево,55.591307,37.663474
1348095276,4.4,1913,Айс,55.694117,37.90831
13885343877,3.8,105,Горизонт,56.046019,37.547206
55036163116,4.4,20,Всё для дома и ремонта. Пав. 39-40. ТЦ Кар-Трейд,55.865675,37.572358
159561874944,3.8,118,Торговый центр,55.907925,37.865924
138653656095,4.3,477,Deluxe,55.593465,37.367448
147539559660,4.1,198,Торговый центр Лето,55.965374,37.939373
32301460748,4.2,621,Пушкинский,56.013387,37.842994
1130356378,4.4,1238,Интерьер сити,55.63965,37.824009
1107887820,4.4,1074,Контур,55.826398,37.955
25366798680,4.6,1502,Кубик,55.968392,37.911491
23200782286,4.3,162,Эй Маркет,55.679859,37.889546
1041982969,4.3,1811,Никольский парк,55.749852,37.888719
27077154549,4,118,Оникс,55.850102,37.437718
76051421652,4.3,220,ТЦ Корабль,55.913493,37.868312
1127493902,4.5,1118,38 Метров,55.631442,37.806969
177732919295,4.3,512,Малина,55.687893,37.89829
92054407347,4.9,81,Тарасовка,55.95545,37.824437
1012806985,4.3,1539,Фламинго,55.683147,37.89335
1044181528,4.1,820,Пассаж,55.815618,37.340184
1120147510,4.5,1430,Пирамида,55.799744,37.936563
1066972836,4.4,3767,Парк,55.817882,37.31126
1060369114,4.3,858,Леонидовка,55.923006,37.783791
195540092429,4.3,128,Канцпарад,55.848234,37.359763
120641131845,4.3,55,Удача,55.970722,37.742977
127084008234,4.3,3080,Пулмарт,56.003658,37.876745
242828001314,3.6,230,Весна,55.750369,37.853424
42586581000,4.2,651,Мегаполис 2,55.920888,37.844837
32215852714,4.3,350,Гараж,55.690384,37.862017
1735040569,4,376,Нептун,55.906211,37.851172
218936654956,3.9,4,Торговый центр Валентиновка,55.931216,37.890425
31186815193,4.6,220,Торговая галерея на Транспортном,55.913918,37.413666
1256330917,3.9,96,Московские товары,55.91341,37.862562
226469633006,4.1,83,Садко,55.86407,37.682565
168504764103,4.5,261,Новый,55.541606,37.719278
1143837629,4,223,Носовихинский,55.750982,37.924102
1346010196,4.3,829,Подмосковье,55.927463,37.859355
86440883477,4.7,18731,Владимирский тракт,55.777569,37.855261
1361883321,4.1,153,Галатея-Микс,55.64804,37.735542
151940440314,4.2,197,Кучинский,55.751491,37.955064
229099337105,4.4,213,Никольский,55.760469,37.89645
1112120378,4.5,7143,Три Кита,55.702594,37.355698
1258814794,4.4,2055,Пушкинский,56.003633,37.853119
197601406119,4.3,4374,Красный Камень,55.545962,37.720988
25641353340,4.3,198,Лотос,55.750983,37.95361
1690438062,3.4,156,Торговый центр,56.009773,37.850819
203326581811,4.2,130,Сити,55.914166,37.80354
1326099661,3.7,182,ТСК Подсолнух,55.571463,37.601732
49541678761,4.3,112,Виртус,55.90784,37.867137
167872684241,4.4,152,Фабрика,55.813173,37.957761
1773329445,4.4,2389,Пушкинский рынок,56.013895,37.843173
213940042069,5,885,Go Park,55.93779,37.32314
25070494134,4.4,1063,Дар,55.631367,37.848716
1001045297,4.4,463,Торговый центр Арбатский,55.658559,37.923847
224991649131,4.3,133,Маяк,55.893808,37.45164
1007246965,4,268,Майя,55.917452,37.763147
191680380710,2,4,Скандинавский пассаж,55.554262,37.512765
